[
  {
    "Key": "Margarita",
    "Item": "Tomato, Cheese",
    "Price": 250,
    "Img": "https://static8.depositphotos.com/1177973/861/i/600/depositphotos_8618524-stock-photo-delicious-pizza-with-seafood-on.jpg"
  },
  {
    "Key": "Farmhouse",
    "Item": "Baby Corn, Tomato, Cheese",
    "Price": 400,
    "Img": "https://img.freepik.com/free-photo/close-up-italian-pizza-about-cheese-it-stick-selective-focus-generative-ai_1258-153063.jpg"
  },
  {
    "Key": "Veg Extra",
    "Item": "Capsicum, Corn, Cheese",
    "Price": 350,
    "Img": "https://st2.depositphotos.com/1692343/5636/i/600/depositphotos_56360353-stock-photo-hot-homemade-pepperoni-pizza.jpg"
  },
  {
    "Key": "Italiano Delight",
    "Item": "Mushroom, Olive, Cheese",
    "Price": 450,
    "Img": "https://st.depositphotos.com/1003814/5052/i/600/depositphotos_50523105-stock-photo-pizza-with-tomatoes.jpg"
  },
  {
    "Key": "Mexican Veg",
    "Item": "Red Papparika, Jalapeno, Cheese",
    "Price": 490,
    "Img": "https://st.depositphotos.com/1177973/1687/i/600/depositphotos_16872433-stock-photo-tasty-pizza-with-vegetables-chicken.jpg"
  },
  {
    "Key": "Peppy Paneer",
    "Item": "Paneer, Onion, Cheese",
    "Price": 390,
    "Img": "https://st.depositphotos.com/1144352/3656/i/600/depositphotos_36567413-stock-photo-pizza.jpg"
  }
]
